[
  {
    "id": 1,
    "name": "Great wall",
    "city": "Beijing",
    "description": "It's a great spot.",
    "rating": 4.5,
    "imageUrl": "images/Beijing.jpeg",
    "bookingUrl": "Booking.html",
    "continent": "Asia",
    "reviews": [
      {
        "user": "user1",
        "rating": 4,
        "comment": "It's a great place to visit."
      },
      {
        "user": "user2",
        "rating": 5,
        "comment": "This attraction is amazing and highly recommended!"
      },
      {
        "user": "user3",
        "rating": 4.5,
        "comment": "This attraction is amazing and highly recommended!"
      },
      {
        "user": "user4",
        "rating": 3,
        "comment": "The attraction feels so-so."
      },
      {
        "user": "user5",
        "rating": 5,
        "comment": "It's a great place to visit."
      }
    ]
  },
  {
    "id": 1,
    "name": "Bali",
    "city": "Bali",
    "description": "The attraction feels so-so",
    "rating": 4.5,
    "imageUrl": "images/Bali.jpeg",
    "bookingUrl": "Booking.html",
    "continent": "Asia",
    "reviews": [
      {
        "user": "user1",
        "rating": 4,
        "comment": "It's a great place to visit."
      },
      {
        "user": "user2",
        "rating": 4,
        "comment": "It's a great place to visit."
      },
      {
        "user": "user3",
        "rating": 3.5,
        "comment": "It's a great place to visit."
      },
      {
        "user": "user4",
        "rating": 2,
        "comment": "It's a great place to visit."
      },
      {
        "user": "user5",
        "rating": 5,
        "comment": "It's a great place to visit."
      }
    ]
  },
  {
    "id": 1,
    "name": "Kyoto Temples",
    "city": "Tokyo",
    "description": "It's a great place to visit.",
    "rating": 4.5,
    "imageUrl": "images/Kyoto.jpeg",
    "bookingUrl": "Booking.html",
    "continent": "Asia",
    "reviews": [
      {
        "user": "user1",
        "rating": 4.5,
        "comment": "This attraction is amazing and highly recommended!"
      },
      {
        "user": "user2",
        "rating": 5,
        "comment": "This attraction is amazing and highly recommended!"
      },
      {
        "user": "user3",
        "rating": 4.5,
        "comment": "This attraction is amazing and highly recommended!"
      }
    ]
  },
  {
    "id": 1,
    "name": "Taj Mahal",
    "city": "Agra",
    "description": "This attraction is amazing and highly recommended!",
    "rating": 4.5,
    "imageUrl": "images/Agra.jpeg",
    "bookingUrl": "Booking.html",
    "continent": "Asia",
    "reviews": [
      {
        "user": "user1",
        "rating": 3.5,
        "comment": "This attraction is amazing and highly recommended!"
      },
      {
        "user": "user2",
        "rating": 5,
        "comment": "This attraction is amazing and highly recommended!"
      },
      {
        "user": "user3",
        "rating": 4.5,
        "comment": "This attraction is amazing and highly recommended!"
      },
      {
        "user": "user4",
        "rating": 5,
        "comment": "This attraction is amazing and highly recommended!"
      }
    ]
  },
  {
    "id": 2,
    "name": "Mombasa",
    "city": "Kenya",
    "description": "It's a good spot.",
    "rating": 4.5,
    "imageUrl": "images/Mombasa.jpeg",
    "bookingUrl": "Booking.html",
    "continent": "Africa",
    "reviews": [
      {
        "user": "user1",
        "rating": 4,
        "comment": "Feel good"
      },
      {
        "user": "user2",
        "rating": 3,
        "comment": "Feel good"
      },
      {
        "user": "user3",
        "rating": 4.5,
        "comment": "Feel good"
      }
    ]
  },
  {
    "id": 2,
    "name": "Timbuktu",
    "city": "Mali",
    "description": "It's a great spot.",
    "rating": 4.5,
    "imageUrl": "images/Timbuktu.jpeg",
    "bookingUrl": "Booking.html",
    "continent": "Africa",
    "reviews": [
      {
        "user": "user1",
        "rating": 4,
        "comment": "It's a great place to visit."
      },
      {
        "user": "user2",
        "rating": 5,
        "comment": "This attraction is amazing and highly recommended!"
      },
      {
        "user": "user3",
        "rating": 4.5,
        "comment": "This attraction is amazing and highly recommended!"
      },
      {
        "user": "user4",
        "rating": 5,
        "comment": "This attraction is amazing and highly recommended!"
      }
    ]
  },
  {
    "id": 2,
    "name": "Mafia Island",
    "city": "Tanzania",
    "description": "It's a great spot.",
    "rating": 4.5,
    "imageUrl": "images/Mafia_Island.jpeg",
    "bookingUrl": "Booking.html",
    "continent": "Africa",
    "reviews": [
      {
        "user": "user1",
        "rating": 4,
        "comment": "It's a great place to visit."
      },
      {
        "user": "user2",
        "rating": 5,
        "comment": "This attraction is amazing and highly recommended!"
      },
      {
        "user": "user3",
        "rating": 4.5,
        "comment": "This attraction is amazing and highly recommended!"
      },
      {
        "user": "user4",
        "rating": 5,
        "comment": "This attraction is amazing and highly recommended!"
      },
      {
        "user": "user5",
        "rating": 5,
        "comment": "This attraction is amazing and highly recommended!"
      }
    ]
  },
  {
    "id": 2,
    "name": "Marrakech",
    "city": "Morocco",
    "description": "It's a great spot.",
    "rating": 4.5,
    "imageUrl": "images/Marrakech.jpeg",
    "bookingUrl": "Booking.html",
    "continent": "Africa",
    "reviews": [
      {
        "user": "user1",
        "rating": 4,
        "comment": "It's a great place to visit."
      },
      {
        "user": "user2",
        "rating": 5,
        "comment": "This attraction is amazing and highly recommended!"
      },
      {
        "user": "user3",
        "rating": 4,
        "comment": "This attraction is amazing and highly recommended!"
      },
      {
        "user": "user4",
        "rating": 4,
        "comment": "This attraction is amazing and highly recommended!"
      },
      {
        "user": "user5",
        "rating": 5,
        "comment": "This attraction is amazing and highly recommended!"
      }
    ]
  },
  {
    "id": 3,
    "name": "Bencich Building",
    "city": "Buenos Aires",
    "description": "It's a great spot.",
    "rating": 4.5,
    "imageUrl": "images/Buenos_Aires.jpeg",
    "bookingUrl": "Booking.html",
    "continent": "South America",
    "reviews": [
      {
        "user": "user1",
        "rating": 4,
        "comment": "It's a great place to visit."
      },
      {
        "user": "user2",
        "rating": 5,
        "comment": "This attraction is amazing and highly recommended!"
      },
      {
        "user": "user3",
        "rating": 5,
        "comment": "This attraction is amazing and highly recommended!"
      },
      {
        "user": "user4",
        "rating": 5,
        "comment": "This attraction is amazing and highly recommended!"
      },
      {
        "user": "user5",
        "rating": 5,
        "comment": "This attraction is amazing and highly recommended!"
      }
    ]
  },
  {
    "id": 3,
    "name": "Christ Redeemer",
    "city": "Brasilia City",
    "description": "It's a great spot.",
    "rating": 4.5,
    "imageUrl": "images/Brasilia.jpeg",
    "bookingUrl": "Booking.html",
    "continent": "South America",
    "reviews": [
      {
        "user": "user1",
        "rating": 3,
        "comment": "It's a great place to visit."
      },
      {
        "user": "user2",
        "rating": 5,
        "comment": "This attraction is amazing and highly recommended!"
      },
      {
        "user": "user3",
        "rating": 4,
        "comment": "This attraction is amazing and highly recommended!"
      },
      {
        "user": "user4",
        "rating": 5,
        "comment": "This attraction is amazing and highly recommended!"
      },
      {
        "user": "user5",
        "rating": 4.5,
        "comment": "This attraction is amazing and highly recommended!"
      }
    ]
  },
  {
    "id": 3,
    "name": "Ramoneda Palace",
    "city": "Santiago",
    "description": "It's a great spot.",
    "rating": 4.5,
    "imageUrl": "images/palace.jpeg",
    "bookingUrl": "Booking.html",
    "continent": "South America",
    "reviews": [
      {
        "user": "user1",
        "rating": 3,
        "comment": "It's a great place to visit."
      },
      {
        "user": "user2",
        "rating": 5,
        "comment": "This attraction is amazing and highly recommended!"
      },
      {
        "user": "user3",
        "rating": 4,
        "comment": "This attraction is amazing and highly recommended!"
      },
      {
        "user": "user4",
        "rating": 1,
        "comment": "This attraction is amazing and highly recommended!"
      }
    ]
  },
  {
    "id": 3,
    "name": "Plaza de armas",
    "city": "Cusco City",
    "description": "It's a great spot.",
    "rating": 4.5,
    "imageUrl": "images/Cusco.jpeg",
    "bookingUrl": "Booking.html",
    "continent": "South America",
    "reviews": [
      {
        "user": "user1",
        "rating": 3,
        "comment": "It's a great place to visit."
      }
    ]
  },
  {
    "id": 4,
    "name": "Eiffel Tower",
    "city": "Paris",
    "description": "It's a great spot.",
    "rating": 4.5,
    "imageUrl": "images/Paris.jpeg",
    "bookingUrl": "Booking.html",
    "continent": "Europe",
    "reviews": [
      {
        "user": "user1",
        "rating": 4,
        "comment": "It's a great place to visit."
      },
      {
        "user": "user2",
        "rating": 5,
        "comment": "This attraction is amazing and highly recommended!"
      },
      {
        "user": "user3",
        "rating": 4.5,
        "comment": "This attraction is amazing and highly recommended!"
      },
      {
        "user": "user4",
        "rating": 4.7,
        "comment": "This attraction is amazing and highly recommended!"
      },
      {
        "user": "user5",
        "rating": 3.5,
        "comment": "This attraction is amazing and highly recommended!"
      },
      {
        "user": "user6",
        "rating": 3,
        "comment": "This attraction is amazing and highly recommended!"
      }
    ]
  },
  {
    "id": 4,
    "name": "Big Ben",
    "city": "London",
    "description": "It's a great spot.",
    "rating": 4.5,
    "imageUrl": "images/London.jpeg",
    "bookingUrl": "Booking.html",
    "continent": "Europe",
    "reviews": [
      {
        "user": "user1",
        "rating": 4,
        "comment": "It's a great place to visit."
      },
      {
        "user": "user2",
        "rating": 4.5,
        "comment": "This attraction is amazing and highly recommended!"
      },
      {
        "user": "user3",
        "rating": 4.5,
        "comment": "This attraction is amazing and highly recommended!"
      },
      {
        "user": "user4",
        "rating": 4.5,
        "comment": "This attraction is amazing and highly recommended!"
      }
    ]
  },
  {
    "id": 4,
    "name": "Sagrada Familia",
    "city": "Barcelona",
    "description": "It's a great spot.",
    "rating": 4.5,
    "imageUrl": "images/Barcelona.jpeg",
    "bookingUrl": "Booking.html",
    "continent": "Europe",
    "reviews": [
      {
        "user": "user1",
        "rating": 4,
        "comment": "It's a great place to visit."
      },
      {
        "user": "user2",
        "rating": 5,
        "comment": "This attraction is amazing and highly recommended!"
      },
      {
        "user": "user3",
        "rating": 4.5,
        "comment": "This attraction is amazing and highly recommended!"
      },
      {
        "user": "user4",
        "rating": 4.7,
        "comment": "This attraction is amazing and highly recommended!"
      },
      {
        "user": "user5",
        "rating": 3.5,
        "comment": "This attraction is amazing and highly recommended!"
      },
      {
        "user": "user6",
        "rating": 3,
        "comment": "This attraction is amazing and highly recommended!"
      }
    ]
  },
  {
    "id": 4,
    "name": "Amsterdam Canals",
    "city": "Amsterdam",
    "description": "It's a great spot.",
    "rating": 4.5,
    "imageUrl": "images/Amsterdam.jpeg",
    "bookingUrl": "Booking.html",
    "continent": "Europe",
    "reviews": [
      {
        "user": "user1",
        "rating": 4,
        "comment": "It's a great place to visit."
      },
      {
        "user": "user2",
        "rating": 5,
        "comment": "This attraction is amazing and highly recommended!"
      },
      {
        "user": "user3",
        "rating": 4.5,
        "comment": "This attraction is amazing and highly recommended!"
      },
      {
        "user": "user4",
        "rating": 4.7,
        "comment": "This attraction is amazing and highly recommended!"
      },
      {
        "user": "user5",
        "rating": 3.5,
        "comment": "This attraction is amazing and highly recommended!"
      }
    ]
  },
  {
    "id": 5,
    "name": "Manhattan",
    "city": "New York",
    "description": "It's a great spot.",
    "rating": 4.5,
    "imageUrl": "images/NY.png",
    "bookingUrl": "Booking.html",
    "continent": "North America",
    "reviews": [
      {
        "user": "user1",
        "rating": 4,
        "comment": "It's a great place to visit."
      },
      {
        "user": "user2",
        "rating": 4.8,
        "comment": "This attraction is amazing and highly recommended!"
      },
      {
        "user": "user3",
        "rating": 4,
        "comment": "This attraction is amazing and highly recommended!"
      },
      {
        "user": "user4",
        "rating": 4.7,
        "comment": "This attraction is amazing and highly recommended!"
      }
    ]
  },
  {
    "id": 5,
    "name": "CN Tower",
    "city": "Toronto",
    "description": "It's a great spot.",
    "rating": 4.5,
    "imageUrl": "images/canada.jpeg",
    "bookingUrl": "Booking.html",
    "continent": "North America",
    "reviews": [
      {
        "user": "user1",
        "rating": 4,
        "comment": "It's a great place to visit."
      },
      {
        "user": "user2",
        "rating": 5,
        "comment": "This attraction is amazing and highly recommended!"
      },
      {
        "user": "user3",
        "rating": 4.5,
        "comment": "This attraction is amazing and highly recommended!"
      },
      {
        "user": "user4",
        "rating": 4.7,
        "comment": "This attraction is amazing and highly recommended!"
      }
    ]
  },
  {
    "id": 5,
    "name": "Guanajuato",
    "city": "Mexico City",
    "description": "It's a great spot.",
    "rating": 4.5,
    "imageUrl": "images/Mexico.jpeg",
    "bookingUrl": "Booking.html",
    "continent": "North America",
    "reviews": [
      {
        "user": "user1",
        "rating": 4,
        "comment": "It's a great place to visit."
      },
      {
        "user": "user2",
        "rating": 4.8,
        "comment": "This attraction is amazing and highly recommended!"
      },
      {
        "user": "user3",
        "rating": 4,
        "comment": "This attraction is amazing and highly recommended!"
      },
      {
        "user": "user4",
        "rating": 4.7,
        "comment": "This attraction is amazing and highly recommended!"
      }
    ]
  },
  {
    "id": 5,
    "name": "ND Basilica",
    "city": "Montral City",
    "description": "It's a great spot.",
    "rating": 4.5,
    "imageUrl": "images/Montreal.jpeg",
    "bookingUrl": "Booking.html",
    "continent": "North America",
    "reviews": [
      {
        "user": "user1",
        "rating": 4,
        "comment": "It's a great place to visit."
      },
      {
        "user": "user2",
        "rating": 4.8,
        "comment": "This attraction is amazing and highly recommended!"
      }
    ]
  },
  {
    "id": 6,
    "name": "Great Barrier Reef",
    "city": "Australia",
    "description": "It's a great spot.",
    "rating": 4.5,
    "imageUrl": "images/baojiao.jpeg",
    "bookingUrl": "Booking.html",
    "continent": "Oceania",
    "reviews": [
      {
        "user": "user1",
        "rating": 4,
        "comment": "It's a great place to visit."
      },
      {
        "user": "user2",
        "rating": 4.5,
        "comment": "This attraction is amazing and highly recommended!"
      }
    ]
  },
  {
    "id": 6,
    "name": "Opera House",
    "city": "Australia",
    "description": "It's a great spot.",
    "rating": 4.5,
    "imageUrl": "images/operahouse.jpeg",
    "bookingUrl": "Booking.html",
    "continent": "Oceania",
    "reviews": [
      {
        "user": "user1",
        "rating": 4,
        "comment": "It's a great place to visit."
      },
      {
        "user": "user2",
        "rating": 4.8,
        "comment": "This attraction is amazing and highly recommended!"
      },
      {
        "user": "user2",
        "rating": 4.0,
        "comment": "This is amazing and highly recommended!"
      },
      {
        "user": "user2",
        "rating": 4.5,
        "comment": "This attraction is amazing"
      }
    ]
  },
  {
    "id": 6,
    "name": "Milford Sound",
    "city": "New Zealand",
    "description": "It's a great spot.",
    "rating": 4.5,
    "imageUrl": "images/Milford.jpeg",
    "bookingUrl": "Booking.html",
    "continent": "Oceania",
    "reviews": [
      {
        "user": "user1",
        "rating": 4,
        "comment": "It's a great place to visit."
      },
      {
        "user": "user2",
        "rating": 4.8,
        "comment": "This attraction is amazing and highly recommended!"
      },
      {
        "user": "user3",
        "rating": 3.0,
        "comment": "Just SO SO"
      }
    ]
  },
  {
    "id": 6,
    "name": "Hobbiton",
    "city": "New Zealand",
    "description": "It's a great spot.",
    "rating": 4.5,
    "imageUrl": "images/Hobbiton.jpeg",
    "bookingUrl": "Booking.html",
    "continent": "Oceania",
    "reviews": [
      {
        "user": "user1",
        "rating": 4,
        "comment": "It's a great place to visit."
      },
      {
        "user": "user2",
        "rating": 4.8,
        "comment": "This attraction is amazing and highly recommended!"
      }
    ]
  }
]